    0,  255,  255,  255,    0,    0,    0,    0,    0,    0
    1,  255,    0,    0,  255,    0,    0,  255,    0,    0
    0,    0,  255,  255,  255,    0,    0,    0,    0,    0
    1,    0,  255,    0,  255,    0,    0,  255,    0,    0
    0,  255,  255,    0,    0,    0,  255,    0,    0,    0
    1,  255,    0,    0,  255,    0,    0,    0,  255,    0
    0,  255,    0,    0,    0,  255,  255,    0,    0,    0
    1,  255,    0,    0,    0,  255,    0,    0,  255,    0
    0,    0,    0,  255,  255,  255,    0,    0,    0,    0
    1,    0,  255,    0,    0,  255,    0,  255,    0,    0
    0,    0,    0,    0,  255,  255,  255,    0,    0,    0
    1,    0,  255,    0,    0,  255,    0,    0,  255,    0
    0,    0,    0,    0,    0,  255,  255,  255,    0,    0
    1,    0,    0,  255,    0,  255,    0,    0,  255,    0
    0,    0,    0,    0,  255,  255,    0,    0,    0,  255
    1,    0,  255,    0,    0,  255,    0,    0,    0,  255
    0,    0,    0,    0,  255,    0,    0,    0,  255,  255
    1,    0,  255,    0,    0,    0,  255,    0,    0,  255
    0,    0,    0,    0,    0,    0,  255,  255,  255,    0
    1,    0,    0,  255,    0,    0,  255,    0,  255,    0
    0,    0,    0,    0,    0,    0,    0,  255,  255,  255
    1,    0,    0,  255,    0,    0,  255,    0,    0,  255
    0,  190,  168,  225,    0,    0,    0,    0,    0,    0
    1,  150,    0,    0,  198,    0,    0,  157,    0,    0
    0,    0,  176,  205,  233,    0,    0,    0,    0,    0
    1,    0,  175,    0,  237,    0,    0,  182,    0,    0
    0,  245,  233,    0,    0,    0,  152,    0,    0,    0
    1,  196,    0,    0,  167,    0,    0,    0,  147,    0
    0,  186,    0,    0,    0,  214,  230,    0,    0,    0
    1,  162,    0,    0,    0,  132,    0,    0,  247,    0
    0,    0,    0,  159,  253,  203,    0,    0,    0,    0
    1,    0,  139,    0,    0,  139,    0,  187,    0,    0
    0,    0,    0,    0,  239,  206,  137,    0,    0,    0
    1,    0,  162,    0,    0,  172,    0,    0,  141,    0
    0,    0,    0,    0,    0,  188,  158,  202,    0,    0
    1,    0,    0,  223,    0,  153,    0,    0,  178,    0
    0,    0,    0,    0,  235,  237,    0,    0,    0,  178
    1,    0,  173,    0,    0,  129,    0,    0,    0,  197
    0,    0,    0,    0,  142,    0,    0,    0,  239,  230
    1,    0,  165,    0,    0,    0,  254,    0,    0,  131
    0,    0,    0,    0,    0,    0,  253,  244,  180,    0
    1,    0,    0,  215,    0,    0,  236,    0,  181,    0
    0,    0,    0,    0,    0,    0,    0,  200,  178,  232
    1,    0,    0,  197,    0,    0,  217,    0,    0,  190
    0,  199,  234,  186,    0,    0,    0,    0,    0,    0
    1,  131,    0,    0,  177,    0,    0,  215,    0,    0
    0,    0,  178,  169,  240,    0,    0,    0,    0,    0
    1,    0,  241,    0,  208,    0,    0,  231,    0,    0
    0,  192,  153,    0,    0,    0,  231,    0,    0,    0
    1,  230,    0,    0,  229,    0,    0,    0,  164,    0
    0,  226,    0,    0,    0,  229,  185,    0,    0,    0
    1,  131,    0,    0,    0,  248,    0,    0,  181,    0
    0,    0,    0,  212,  199,  142,    0,    0,    0,    0
    1,    0,  151,    0,    0,  213,    0,  196,    0,    0
    0,    0,    0,    0,  190,  135,  175,    0,    0,    0
    1,    0,  244,    0,    0,  137,    0,    0,  134,    0
    0,    0,    0,    0,    0,  254,  248,  173,    0,    0
    1,    0,    0,  163,    0,  244,    0,    0,  231,    0
    0,    0,    0,    0,  147,  228,    0,    0,    0,  237
    1,    0,  131,    0,    0,  241,    0,    0,    0,  224
    0,    0,    0,    0,  137,    0,    0,    0,  174,  174
    1,    0,  156,    0,    0,    0,  217,    0,    0,  190
    0,    0,    0,    0,    0,    0,  184,  176,  195,    0
    1,    0,    0,  136,    0,    0,  181,    0,  150,    0
    0,    0,    0,    0,    0,    0,    0,  225,  218,  236
    1,    0,    0,  148,    0,    0,  139,    0,    0,  211
    0,  240,  197,  138,    0,    0,    0,    0,    0,    0
    1,  155,    0,    0,  243,    0,    0,  229,    0,    0
    0,    0,  198,  168,  194,    0,    0,    0,    0,    0
    1,    0,  232,    0,  236,    0,    0,  239,    0,    0
    0,  242,  141,    0,    0,    0,  211,    0,    0,    0
    1,  131,    0,    0,  171,    0,    0,    0,  211,    0
    0,  230,    0,    0,    0,  190,  207,    0,    0,    0
    1,  252,    0,    0,    0,  187,    0,    0,  140,    0
    0,    0,    0,  202,  183,  222,    0,    0,    0,    0
    1,    0,  253,    0,    0,  130,    0,  185,    0,    0
    0,    0,    0,    0,  228,  172,  181,    0,    0,    0
    1,    0,  213,    0,    0,  173,    0,    0,  154,    0
    0,    0,    0,    0,    0,  200,  247,  245,    0,    0
    1,    0,    0,  254,    0,  245,    0,    0,  177,    0
    0,    0,    0,    0,  156,  229,    0,    0,    0,  234
    1,    0,  232,    0,    0,  150,    0,    0,    0,  177
    0,    0,    0,    0,  205,    0,    0,    0,  200,  191
    1,    0,  156,    0,    0,    0,  172,    0,    0,  242
    0,    0,    0,    0,    0,    0,  156,  156,  182,    0
    1,    0,    0,  180,    0,    0,  173,    0,  214,    0
    0,    0,    0,    0,    0,    0,    0,  155,  231,  251
    1,    0,    0,  254,    0,    0,  245,    0,    0,  133
    0,  135,  219,  148,    0,    0,    0,    0,    0,    0
    1,  139,    0,    0,  176,    0,    0,  140,    0,    0
    0,    0,  175,  205,  241,    0,    0,    0,    0,    0
    1,    0,  199,    0,  201,    0,    0,  220,    0,    0
    0,  190,  233,    0,    0,    0,  148,    0,    0,    0
    1,  182,    0,    0,  140,    0,    0,    0,  193,    0
    0,  183,    0,    0,    0,  178,  223,    0,    0,    0
    1,  149,    0,    0,    0,  153,    0,    0,  193,    0
    0,    0,    0,  254,  175,  198,    0,    0,    0,    0
    1,    0,  133,    0,    0,  170,    0,  148,    0,    0
    0,    0,    0,    0,  232,  176,  176,    0,    0,    0
    1,    0,  236,    0,    0,  171,    0,    0,  178,    0
    0,    0,    0,    0,    0,  247,  244,  197,    0,    0
    1,    0,    0,  209,    0,  171,    0,    0,  205,    0
    0,    0,    0,    0,  217,  155,    0,    0,    0,  170
    1,    0,  135,    0,    0,  164,    0,    0,    0,  242
    0,    0,    0,    0,  156,    0,    0,    0,  234,  218
    1,    0,  220,    0,    0,    0,  219,    0,    0,  133
    0,    0,    0,    0,    0,    0,  168,  242,  225,    0
    1,    0,    0,  212,    0,    0,  174,    0,  193,    0
    0,    0,    0,    0,    0,    0,    0,  188,  177,  134
    1,    0,    0,  134,    0,    0,  208,    0,    0,  252
    0,  157,  250,  170,    0,    0,    0,    0,    0,    0
    1,  209,    0,    0,  246,    0,    0,  216,    0,    0
    0,    0,  234,  205,  197,    0,    0,    0,    0,    0
    1,    0,  143,    0,  226,    0,    0,  242,    0,    0
    0,  239,  234,    0,    0,    0,  164,    0,    0,    0
    1,  217,    0,    0,  158,    0,    0,    0,  204,    0
    0,  245,    0,    0,    0,  170,  224,    0,    0,    0
    1,  182,    0,    0,    0,  164,    0,    0,  134,    0
    0,    0,    0,  248,  172,  153,    0,    0,    0,    0
    1,    0,  203,    0,    0,  156,    0,  205,    0,    0
    0,    0,    0,    0,  165,  245,  177,    0,    0,    0
    1,    0,  227,    0,    0,  169,    0,    0,  209,    0
    0,    0,    0,    0,    0,  157,  248,  136,    0,    0
    1,    0,    0,  179,    0,  158,    0,    0,  252,    0
    0,    0,    0,    0,  140,  245,    0,    0,    0,  234
    1,    0,  188,    0,    0,  178,    0,    0,    0,  205
    0,    0,    0,    0,  236,    0,    0,    0,  142,  211
    1,    0,  147,    0,    0,    0,  178,    0,    0,  154
    0,    0,    0,    0,    0,    0,  209,  155,  138,    0
    1,    0,    0,  144,    0,    0,  142,    0,  150,    0
    0,    0,    0,    0,    0,    0,    0,  206,  234,  147
    1,    0,    0,  240,    0,    0,  194,    0,    0,  217
    0,  132,  240,  129,    0,    0,    0,    0,    0,    0
    1,  189,    0,    0,  196,    0,    0,  226,    0,    0
    0,    0,  181,  148,  167,    0,    0,    0,    0,    0
    1,    0,  168,    0,  157,    0,    0,  235,    0,    0
    0,  136,  214,    0,    0,    0,  151,    0,    0,    0
    1,  167,    0,    0,  253,    0,    0,    0,  188,    0
    0,  155,    0,    0,    0,  210,  229,    0,    0,    0
    1,  186,    0,    0,    0,  212,    0,    0,  227,    0
    0,    0,    0,  238,  200,  225,    0,    0,    0,    0
    1,    0,  238,    0,    0,  164,    0,  143,    0,    0
    0,    0,    0,    0,  187,  167,  205,    0,    0,    0
    1,    0,  142,    0,    0,  158,    0,    0,  248,    0
    0,    0,    0,    0,    0,  225,  184,  236,    0,    0
    1,    0,    0,  199,    0,  221,    0,    0,  247,    0
    0,    0,    0,    0,  135,  178,    0,    0,    0,  144
    1,    0,  169,    0,    0,  156,    0,    0,    0,  234
    0,    0,    0,    0,  247,    0,    0,    0,  219,  190
    1,    0,  172,    0,    0,    0,  200,    0,    0,  216
    0,    0,    0,    0,    0,    0,  198,  222,  220,    0
    1,    0,    0,  150,    0,    0,  166,    0,  190,    0
    0,    0,    0,    0,    0,    0,    0,  139,  201,  238
    1,    0,    0,  190,    0,    0,  187,    0,    0,  253
    0,  212,  155,  150,    0,    0,    0,    0,    0,    0
    1,  165,    0,    0,  196,    0,    0,  240,    0,    0
    0,    0,  157,  215,  205,    0,    0,    0,    0,    0
    1,    0,  152,    0,  131,    0,    0,  188,    0,    0
    0,  187,  174,    0,    0,    0,  155,    0,    0,    0
    1,  253,    0,    0,  218,    0,    0,    0,  211,    0
    0,  156,    0,    0,    0,  250,  147,    0,    0,    0
    1,  243,    0,    0,    0,  200,    0,    0,  206,    0
    0,    0,    0,  237,  140,  244,    0,    0,    0,    0
    1,    0,  232,    0,    0,  237,    0,  162,    0,    0
    0,    0,    0,    0,  217,  224,  131,    0,    0,    0
    1,    0,  242,    0,    0,  225,    0,    0,  205,    0
    0,    0,    0,    0,    0,  211,  209,  128,    0,    0
    1,    0,    0,  198,    0,  226,    0,    0,  142,    0
    0,    0,    0,    0,  161,  182,    0,    0,    0,  170
    1,    0,  212,    0,    0,  148,    0,    0,    0,  161
    0,    0,    0,    0,  177,    0,    0,    0,  155,  161
    1,    0,  141,    0,    0,    0,  140,    0,    0,  144
    0,    0,    0,    0,    0,    0,  181,  242,  158,    0
    1,    0,    0,  137,    0,    0,  223,    0,  195,    0
    0,    0,    0,    0,    0,    0,    0,  165,  243,  182
    1,    0,    0,  186,    0,    0,  185,    0,    0,  184
    0,  171,  132,  131,    0,    0,    0,    0,    0,    0
    1,  138,    0,    0,  214,    0,    0,  158,    0,    0
    0,    0,  194,  204,  234,    0,    0,    0,    0,    0
    1,    0,  146,    0,  230,    0,    0,  223,    0,    0
    0,  140,  219,    0,    0,    0,  227,    0,    0,    0
    1,  239,    0,    0,  155,    0,    0,    0,  130,    0
    0,  173,    0,    0,    0,  156,  157,    0,    0,    0
    1,  246,    0,    0,    0,  242,    0,    0,  195,    0
    0,    0,    0,  149,  187,  247,    0,    0,    0,    0
    1,    0,  208,    0,    0,  248,    0,  154,    0,    0
    0,    0,    0,    0,  185,  147,  202,    0,    0,    0
    1,    0,  175,    0,    0,  205,    0,    0,  212,    0
    0,    0,    0,    0,    0,  158,  230,  177,    0,    0
    1,    0,    0,  188,    0,  128,    0,    0,  134,    0
    0,    0,    0,    0,  253,  240,    0,    0,    0,  180
    1,    0,  186,    0,    0,  227,    0,    0,    0,  172
    0,    0,    0,    0,  187,    0,    0,    0,  250,  183
    1,    0,  205,    0,    0,    0,  213,    0,    0,  134
    0,    0,    0,    0,    0,    0,  128,  231,  246,    0
    1,    0,    0,  174,    0,    0,  180,    0,  253,    0
    0,    0,    0,    0,    0,    0,    0,  141,  251,  237
    1,    0,    0,  127,    0,    0,  137,    0,    0,  232
    0,  243,  249,  202,    0,    0,    0,    0,    0,    0
    1,  228,    0,    0,  199,    0,    0,  136,    0,    0
    0,    0,  168,  138,  144,    0,    0,    0,    0,    0
    1,    0,  254,    0,  170,    0,    0,  168,    0,    0
    0,  168,  164,    0,    0,    0,  174,    0,    0,    0
    1,  164,    0,    0,  238,    0,    0,    0,  138,    0
    0,  223,    0,    0,    0,  198,  243,    0,    0,    0
    1,  252,    0,    0,    0,  171,    0,    0,  192,    0
    0,    0,    0,  127,  215,  180,    0,    0,    0,    0
    1,    0,  190,    0,    0,  182,    0,  168,    0,    0
    0,    0,    0,    0,  195,  174,  172,    0,    0,    0
    1,    0,  183,    0,    0,  175,    0,    0,  229,    0
    0,    0,    0,    0,    0,  205,  209,  167,    0,    0
    1,    0,    0,  249,    0,  186,    0,    0,  237,    0
    0,    0,    0,    0,  207,  217,    0,    0,    0,  170
    1,    0,  253,    0,    0,  154,    0,    0,    0,  190
    0,    0,    0,    0,  165,    0,    0,    0,  212,  196
    1,    0,  173,    0,    0,    0,  180,    0,    0,  222
    0,    0,    0,    0,    0,    0,  245,  196,  132,    0
    1,    0,    0,  133,    0,    0,  165,    0,  190,    0
    0,    0,    0,    0,    0,    0,    0,  252,  140,  172
    1,    0,    0,  219,    0,    0,  131,    0,    0,  251
    0,  235,  232,  184,    0,    0,    0,    0,    0,    0
    1,  166,    0,    0,  211,    0,    0,  137,    0,    0
    0,    0,  247,  148,  139,    0,    0,    0,    0,    0
    1,    0,  222,    0,  141,    0,    0,  141,    0,    0
    0,  195,  209,    0,    0,    0,  152,    0,    0,    0
    1,  183,    0,    0,  173,    0,    0,    0,  208,    0
    0,  178,    0,    0,    0,  173,  212,    0,    0,    0
    1,  225,    0,    0,    0,  145,    0,    0,  177,    0
    0,    0,    0,  250,  225,  204,    0,    0,    0,    0
    1,    0,  195,    0,    0,  168,    0,  231,    0,    0
    0,    0,    0,    0,  204,  178,  248,    0,    0,    0
    1,    0,  158,    0,    0,  137,    0,    0,  219,    0
    0,    0,    0,    0,    0,  137,  244,  213,    0,    0
    1,    0,    0,  218,    0,  250,    0,    0,  231,    0
    0,    0,    0,    0,  166,  159,    0,    0,    0,  238
    1,    0,  172,    0,    0,  184,    0,    0,    0,  241
    0,    0,    0,    0,  246,    0,    0,    0,  227,  194
    1,    0,  238,    0,    0,    0,  187,    0,    0,  203
    0,    0,    0,    0,    0,    0,  174,  154,  214,    0
    1,    0,    0,  186,    0,    0,  132,    0,  205,    0
    0,    0,    0,    0,    0,    0,    0,  172,  250,  187
    1,    0,    0,  242,    0,    0,  210,    0,    0,  167
    0,  238,  141,  183,    0,    0,    0,    0,    0,    0
    1,  149,    0,    0,  180,    0,    0,  253,    0,    0
    0,    0,  195,  227,  149,    0,    0,    0,    0,    0
    1,    0,  212,    0,  177,    0,    0,  246,    0,    0
    0,  221,  218,    0,    0,    0,  142,    0,    0,    0
    1,  221,    0,    0,  144,    0,    0,    0,  210,    0
    0,  191,    0,    0,    0,  185,  165,    0,    0,    0
    1,  153,    0,    0,    0,  181,    0,    0,  177,    0
    0,    0,    0,  128,  181,  242,    0,    0,    0,    0
    1,    0,  245,    0,    0,  167,    0,  197,    0,    0
    0,    0,    0,    0,  177,  139,  192,    0,    0,    0
    1,    0,  244,    0,    0,  225,    0,    0,  240,    0
    0,    0,    0,    0,    0,  207,  224,  175,    0,    0
    1,    0,    0,  130,    0,  147,    0,    0,  180,    0
    0,    0,    0,    0,  204,  231,    0,    0,    0,  146
    1,    0,  240,    0,    0,  216,    0,    0,    0,  243
    0,    0,    0,    0,  213,    0,    0,    0,  253,  206
    1,    0,  179,    0,    0,    0,  251,    0,    0,  203
    0,    0,    0,    0,    0,    0,  191,  228,  208,    0
    1,    0,    0,  212,    0,    0,  229,    0,  171,    0
    0,    0,    0,    0,    0,    0,    0,  213,  231,  172
    1,    0,    0,  141,    0,    0,  243,    0,    0,  192
    0,  159,  254,  154,    0,    0,    0,    0,    0,    0
    1,  223,    0,    0,  160,    0,    0,  170,    0,    0
    0,    0,  148,  249,  217,    0,    0,    0,    0,    0
    1,    0,  193,    0,  128,    0,    0,  128,    0,    0
    0,  169,  187,    0,    0,    0,  159,    0,    0,    0
    1,  214,    0,    0,  175,    0,    0,    0,  145,    0
    0,  230,    0,    0,    0,  134,  208,    0,    0,    0
    1,  242,    0,    0,    0,  142,    0,    0,  166,    0
    0,    0,    0,  200,  145,  218,    0,    0,    0,    0
    1,    0,  168,    0,    0,  240,    0,  135,    0,    0
    0,    0,    0,    0,  184,  143,  209,    0,    0,    0
    1,    0,  134,    0,    0,  164,    0,    0,  151,    0
    0,    0,    0,    0,    0,  235,  127,  146,    0,    0
    1,    0,    0,  162,    0,  186,    0,    0,  185,    0
    0,    0,    0,    0,  246,  226,    0,    0,    0,  210
    1,    0,  204,    0,    0,  170,    0,    0,    0,  202
    0,    0,    0,    0,  236,    0,    0,    0,  219,  226
    1,    0,  241,    0,    0,    0,  164,    0,    0,  212
    0,    0,    0,    0,    0,    0,  248,  153,  214,    0
    1,    0,    0,  190,    0,    0,  244,    0,  209,    0
    0,    0,    0,    0,    0,    0,    0,  130,  154,  168
    1,    0,    0,  230,    0,    0,  249,    0,    0,  254
    0,  222,  128,  185,    0,    0,    0,    0,    0,    0
    1,  148,    0,    0,  253,    0,    0,  138,    0,    0
    0,    0,  241,  144,  175,    0,    0,    0,    0,    0
    1,    0,  158,    0,  244,    0,    0,  130,    0,    0
    0,  223,  154,    0,    0,    0,  220,    0,    0,    0
    1,  221,    0,    0,  246,    0,    0,    0,  213,    0
    0,  227,    0,    0,    0,  194,  195,    0,    0,    0
    1,  171,    0,    0,    0,  240,    0,    0,  188,    0
    0,    0,    0,  251,  211,  175,    0,    0,    0,    0
    1,    0,  230,    0,    0,  228,    0,  148,    0,    0
    0,    0,    0,    0,  176,  208,  178,    0,    0,    0
    1,    0,  148,    0,    0,  157,    0,    0,  206,    0
    0,    0,    0,    0,    0,  214,  205,  148,    0,    0
    1,    0,    0,  194,    0,  141,    0,    0,  233,    0
    0,    0,    0,    0,  153,  171,    0,    0,    0,  159
    1,    0,  138,    0,    0,  139,    0,    0,    0,  158
    0,    0,    0,    0,  225,    0,    0,    0,  166,  174
    1,    0,  159,    0,    0,    0,  164,    0,    0,  224
    0,    0,    0,    0,    0,    0,  211,  168,  130,    0
    1,    0,    0,  182,    0,    0,  249,    0,  195,    0
    0,    0,    0,    0,    0,    0,    0,  170,  173,  129
    1,    0,    0,  151,    0,    0,  137,    0,    0,  211
    0,  181,  142,  240,    0,    0,    0,    0,    0,    0
    1,  170,    0,    0,  161,    0,    0,  146,    0,    0
    0,    0,  154,  230,  213,    0,    0,    0,    0,    0
    1,    0,  240,    0,  184,    0,    0,  141,    0,    0
    0,  175,  250,    0,    0,    0,  237,    0,    0,    0
    1,  161,    0,    0,  132,    0,    0,    0,  239,    0
    0,  240,    0,    0,    0,  213,  201,    0,    0,    0
    1,  200,    0,    0,    0,  208,    0,    0,  211,    0
    0,    0,    0,  145,  219,  175,    0,    0,    0,    0
    1,    0,  146,    0,    0,  219,    0,  129,    0,    0
    0,    0,    0,    0,  163,  241,  246,    0,    0,    0
    1,    0,  217,    0,    0,  251,    0,    0,  254,    0
    0,    0,    0,    0,    0,  222,  159,  153,    0,    0
    1,    0,    0,  212,    0,  171,    0,    0,  188,    0
    0,    0,    0,    0,  242,  188,    0,    0,    0,  254
    1,    0,  192,    0,    0,  146,    0,    0,    0,  251
    0,    0,    0,    0,  145,    0,    0,    0,  180,  240
    1,    0,  209,    0,    0,    0,  204,    0,    0,  206
    0,    0,    0,    0,    0,    0,  217,  203,  142,    0
    1,    0,    0,  153,    0,    0,  176,    0,  130,    0
    0,    0,    0,    0,    0,    0,    0,  221,  131,  179
    1,    0,    0,  236,    0,    0,  156,    0,    0,  211
    0,  220,  189,  186,    0,    0,    0,    0,    0,    0
    1,  242,    0,    0,  145,    0,    0,  220,    0,    0
    0,    0,  192,  218,  195,    0,    0,    0,    0,    0
    1,    0,  183,    0,  163,    0,    0,  204,    0,    0
    0,  183,  151,    0,    0,    0,  235,    0,    0,    0
    1,  143,    0,    0,  198,    0,    0,    0,  196,    0
    0,  145,    0,    0,    0,  146,  177,    0,    0,    0
    1,  162,    0,    0,    0,  163,    0,    0,  215,    0
    0,    0,    0,  170,  177,  174,    0,    0,    0,    0
    1,    0,  155,    0,    0,  250,    0,  208,    0,    0
    0,    0,    0,    0,  213,  186,  245,    0,    0,    0
    1,    0,  129,    0,    0,  229,    0,    0,  151,    0
    0,    0,    0,    0,    0,  154,  240,  215,    0,    0
    1,    0,    0,  203,    0,  232,    0,    0,  144,    0
    0,    0,    0,    0,  187,  168,    0,    0,    0,  136
    1,    0,  146,    0,    0,  162,    0,    0,    0,  228
    0,    0,    0,    0,  233,    0,    0,    0,  161,  242
    1,    0,  144,    0,    0,    0,  253,    0,    0,  221
    0,    0,    0,    0,    0,    0,  239,  160,  242,    0
    1,    0,    0,  181,    0,    0,  240,    0,  137,    0
    0,    0,    0,    0,    0,    0,    0,  204,  221,  129
    1,    0,    0,  230,    0,    0,  191,    0,    0,  245
    0,  168,  163,  185,    0,    0,    0,    0,    0,    0
    1,  227,    0,    0,  194,    0,    0,  185,    0,    0
    0,    0,  153,  219,  185,    0,    0,    0,    0,    0
    1,    0,  174,    0,  181,    0,    0,  225,    0,    0
    0,  202,  143,    0,    0,    0,  136,    0,    0,    0
    1,  192,    0,    0,  193,    0,    0,    0,  220,    0
    0,  138,    0,    0,    0,  208,  215,    0,    0,    0
    1,  212,    0,    0,    0,  187,    0,    0,  202,    0
    0,    0,    0,  198,  137,  231,    0,    0,    0,    0
    1,    0,  158,    0,    0,  180,    0,  153,    0,    0
    0,    0,    0,    0,  144,  254,  143,    0,    0,    0
    1,    0,  137,    0,    0,  177,    0,    0,  224,    0
    0,    0,    0,    0,    0,  241,  134,  131,    0,    0
    1,    0,    0,  203,    0,  143,    0,    0,  162,    0
    0,    0,    0,    0,  163,  200,    0,    0,    0,  191
    1,    0,  227,    0,    0,  219,    0,    0,    0,  167
    0,    0,    0,    0,  222,    0,    0,    0,  181,  250
    1,    0,  220,    0,    0,    0,  224,    0,    0,  156
    0,    0,    0,    0,    0,    0,  140,  224,  157,    0
    1,    0,    0,  171,    0,    0,  220,    0,  147,    0
    0,    0,    0,    0,    0,    0,    0,  173,  128,  191
    1,    0,    0,  242,    0,    0,  232,    0,    0,  240
    0,  132,  157,  146,    0,    0,    0,    0,    0,    0
    1,  163,    0,    0,  178,    0,    0,  136,    0,    0
    0,    0,  210,  168,  170,    0,    0,    0,    0,    0
    1,    0,  196,    0,  165,    0,    0,  213,    0,    0
    0,  170,  163,    0,    0,    0,  185,    0,    0,    0
    1,  232,    0,    0,  136,    0,    0,    0,  171,    0
    0,  146,    0,    0,    0,  172,  162,    0,    0,    0
    1,  247,    0,    0,    0,  214,    0,    0,  239,    0
    0,    0,    0,  129,  192,  135,    0,    0,    0,    0
    1,    0,  167,    0,    0,  208,    0,  130,    0,    0
    0,    0,    0,    0,  142,  175,  230,    0,    0,    0
    1,    0,  190,    0,    0,  247,    0,    0,  209,    0
    0,    0,    0,    0,    0,  251,  157,  215,    0,    0
    1,    0,    0,  164,    0,  150,    0,    0,  209,    0
    0,    0,    0,    0,  161,  203,    0,    0,    0,  141
    1,    0,  144,    0,    0,  239,    0,    0,    0,  195
    0,    0,    0,    0,  196,    0,    0,    0,  140,  215
    1,    0,  151,    0,    0,    0,  205,    0,    0,  214
    0,    0,    0,    0,    0,    0,  191,  242,  219,    0
    1,    0,    0,  232,    0,    0,  223,    0,  234,    0
    0,    0,    0,    0,    0,    0,    0,  135,  197,  194
    1,    0,    0,  144,    0,    0,  225,    0,    0,  208
    0,  190,  134,  227,    0,    0,    0,    0,    0,    0
    1,  233,    0,    0,  194,    0,    0,  212,    0,    0
    0,    0,  142,  169,  134,    0,    0,    0,    0,    0
    1,    0,  213,    0,  232,    0,    0,  227,    0,    0
    0,  248,  192,    0,    0,    0,  140,    0,    0,    0
    1,  224,    0,    0,  179,    0,    0,    0,  220,    0
    0,  170,    0,    0,    0,  235,  219,    0,    0,    0
    1,  159,    0,    0,    0,  254,    0,    0,  131,    0
    0,    0,    0,  253,  215,  133,    0,    0,    0,    0
    1,    0,  194,    0,    0,  148,    0,  251,    0,    0
    0,    0,    0,    0,  250,  208,  210,    0,    0,    0
    1,    0,  158,    0,    0,  205,    0,    0,  174,    0
    0,    0,    0,    0,    0,  184,  146,  193,    0,    0
    1,    0,    0,  142,    0,  223,    0,    0,  154,    0
    0,    0,    0,    0,  231,  131,    0,    0,    0,  222
    1,    0,  195,    0,    0,  151,    0,    0,    0,  159
    0,    0,    0,    0,  209,    0,    0,    0,  142,  184
    1,    0,  192,    0,    0,    0,  209,    0,    0,  146
    0,    0,    0,    0,    0,    0,  171,  201,  131,    0
    1,    0,    0,  170,    0,    0,  228,    0,  200,    0
    0,    0,    0,    0,    0,    0,    0,  253,  254,  204
    1,    0,    0,  226,    0,    0,  149,    0,    0,  161
    0,  134,  176,  140,    0,    0,    0,    0,    0,    0
    1,  139,    0,    0,  248,    0,    0,  149,    0,    0
    0,    0,  191,  218,  160,    0,    0,    0,    0,    0
    1,    0,  156,    0,  210,    0,    0,  199,    0,    0
    0,  151,  232,    0,    0,    0,  187,    0,    0,    0
    1,  149,    0,    0,  175,    0,    0,    0,  130,    0
    0,  171,    0,    0,    0,  190,  159,    0,    0,    0
    1,  128,    0,    0,    0,  163,    0,    0,  193,    0
    0,    0,    0,  223,  134,  190,    0,    0,    0,    0
    1,    0,  188,    0,    0,  244,    0,  187,    0,    0
    0,    0,    0,    0,  190,  201,  133,    0,    0,    0
    1,    0,  173,    0,    0,  169,    0,    0,  190,    0
    0,    0,    0,    0,    0,  203,  210,  217,    0,    0
    1,    0,    0,  149,    0,  249,    0,    0,  254,    0
    0,    0,    0,    0,  241,  182,    0,    0,    0,  229
    1,    0,  144,    0,    0,  149,    0,    0,    0,  139
    0,    0,    0,    0,  182,    0,    0,    0,  180,  243
    1,    0,  249,    0,    0,    0,  197,    0,    0,  236
    0,    0,    0,    0,    0,    0,  248,  187,  188,    0
    1,    0,    0,  241,    0,    0,  209,    0,  222,    0
    0,    0,    0,    0,    0,    0,    0,  192,  241,  239
    1,    0,    0,  206,    0,    0,  128,    0,    0,  198
    0,  195,  141,  240,    0,    0,    0,    0,    0,    0
    1,  146,    0,    0,  144,    0,    0,  210,    0,    0
    0,    0,  175,  244,  227,    0,    0,    0,    0,    0
    1,    0,  167,    0,  211,    0,    0,  141,    0,    0
    0,  222,  250,    0,    0,    0,  249,    0,    0,    0
    1,  168,    0,    0,  249,    0,    0,    0,  251,    0
    0,  199,    0,    0,    0,  226,  178,    0,    0,    0
    1,  190,    0,    0,    0,  243,    0,    0,  161,    0
    0,    0,    0,  177,  155,  164,    0,    0,    0,    0
    1,    0,  204,    0,    0,  187,    0,  167,    0,    0
    0,    0,    0,    0,  207,  184,  179,    0,    0,    0
    1,    0,  220,    0,    0,  176,    0,    0,  136,    0
    0,    0,    0,    0,    0,  210,  164,  156,    0,    0
    1,    0,    0,  150,    0,  143,    0,    0,  179,    0
    0,    0,    0,    0,  236,  209,    0,    0,    0,  254
    1,    0,  196,    0,    0,  240,    0,    0,    0,  242
    0,    0,    0,    0,  155,    0,    0,    0,  161,  180
    1,    0,  164,    0,    0,    0,  181,    0,    0,  185
    0,    0,    0,    0,    0,    0,  159,  209,  162,    0
    1,    0,    0,  151,    0,    0,  197,    0,  170,    0
    0,    0,    0,    0,    0,    0,    0,  137,  250,  224
    1,    0,    0,  239,    0,    0,  135,    0,    0,  206
    0,  228,  206,  233,    0,    0,    0,    0,    0,    0
    1,  225,    0,    0,  136,    0,    0,  244,    0,    0
    0,    0,  230,  169,  226,    0,    0,    0,    0,    0
    1,    0,  163,    0,  224,    0,    0,  134,    0,    0
    0,  156,  142,    0,    0,    0,  197,    0,    0,    0
    1,  142,    0,    0,  186,    0,    0,    0,  140,    0
    0,  240,    0,    0,    0,  162,  156,    0,    0,    0
    1,  127,    0,    0,    0,  238,    0,    0,  245,    0
    0,    0,    0,  185,  249,  220,    0,    0,    0,    0
    1,    0,  210,    0,    0,  183,    0,  252,    0,    0
    0,    0,    0,    0,  193,  143,  145,    0,    0,    0
    1,    0,  253,    0,    0,  242,    0,    0,  215,    0
    0,    0,    0,    0,    0,  219,  186,  225,    0,    0
    1,    0,    0,  206,    0,  195,    0,    0,  250,    0
    0,    0,    0,    0,  205,  218,    0,    0,    0,  178
    1,    0,  129,    0,    0,  197,    0,    0,    0,  181
    0,    0,    0,    0,  205,    0,    0,    0,  213,  154
    1,    0,  137,    0,    0,    0,  170,    0,    0,  252
    0,    0,    0,    0,    0,    0,  227,  157,  173,    0
    1,    0,    0,  139,    0,    0,  234,    0,  218,    0
    0,    0,    0,    0,    0,    0,    0,  236,  201,  214
    1,    0,    0,  219,    0,    0,  218,    0,    0,  200
    0,  215,  140,  142,    0,    0,    0,    0,    0,    0
    1,  202,    0,    0,  144,    0,    0,  162,    0,    0
    0,    0,  154,  229,  178,    0,    0,    0,    0,    0
    1,    0,  147,    0,  194,    0,    0,  151,    0,    0
    0,  222,  144,    0,    0,    0,  252,    0,    0,    0
    1,  185,    0,    0,  238,    0,    0,    0,  224,    0
    0,  234,    0,    0,    0,  188,  211,    0,    0,    0
    1,  179,    0,    0,    0,  240,    0,    0,  164,    0
    0,    0,    0,  131,  144,  220,    0,    0,    0,    0
    1,    0,  143,    0,    0,  166,    0,  130,    0,    0
    0,    0,    0,    0,  158,  201,  153,    0,    0,    0
    1,    0,  194,    0,    0,  238,    0,    0,  167,    0
    0,    0,    0,    0,    0,  231,  253,  161,    0,    0
    1,    0,    0,  207,    0,  199,    0,    0,  143,    0
    0,    0,    0,    0,  141,  217,    0,    0,    0,  242
    1,    0,  216,    0,    0,  230,    0,    0,    0,  212
    0,    0,    0,    0,  245,    0,    0,    0,  240,  160
    1,    0,  251,    0,    0,    0,  145,    0,    0,  186
    0,    0,    0,    0,    0,    0,  228,  141,  225,    0
    1,    0,    0,  202,    0,    0,  216,    0,  210,    0
    0,    0,    0,    0,    0,    0,    0,  146,  228,  194
    1,    0,    0,  207,    0,    0,  236,    0,    0,  197
    0,  135,  194,  204,    0,    0,    0,    0,    0,    0
    1,  130,    0,    0,  219,    0,    0,  187,    0,    0
    0,    0,  240,  139,  180,    0,    0,    0,    0,    0
    1,    0,  168,    0,  145,    0,    0,  254,    0,    0
    0,  178,  196,    0,    0,    0,  246,    0,    0,    0
    1,  237,    0,    0,  223,    0,    0,    0,  135,    0
    0,  134,    0,    0,    0,  162,  136,    0,    0,    0
    1,  206,    0,    0,    0,  150,    0,    0,  233,    0
    0,    0,    0,  133,  217,  174,    0,    0,    0,    0
    1,    0,  236,    0,    0,  213,    0,  174,    0,    0
    0,    0,    0,    0,  225,  172,  237,    0,    0,    0
    1,    0,  158,    0,    0,  205,    0,    0,  254,    0
    0,    0,    0,    0,    0,  171,  134,  224,    0,    0
    1,    0,    0,  241,    0,  208,    0,    0,  238,    0
    0,    0,    0,    0,  237,  165,    0,    0,    0,  198
    1,    0,  203,    0,    0,  230,    0,    0,    0,  140
    0,    0,    0,    0,  206,    0,    0,    0,  218,  184
    1,    0,  168,    0,    0,    0,  183,    0,    0,  156
    0,    0,    0,    0,    0,    0,  159,  177,  243,    0
    1,    0,    0,  179,    0,    0,  169,    0,  249,    0
    0,    0,    0,    0,    0,    0,    0,  234,  208,  138
    1,    0,    0,  189,    0,    0,  240,    0,    0,  234
    0,  148,  220,  215,    0,    0,    0,    0,    0,    0
    1,  218,    0,    0,  200,    0,    0,  164,    0,    0
    0,    0,  181,  188,  151,    0,    0,    0,    0,    0
    1,    0,  179,    0,  244,    0,    0,  168,    0,    0
    0,  185,  220,    0,    0,    0,  142,    0,    0,    0
    1,  154,    0,    0,  150,    0,    0,    0,  156,    0
    0,  133,    0,    0,    0,  168,  193,    0,    0,    0
    1,  233,    0,    0,    0,  206,    0,    0,  175,    0
    0,    0,    0,  180,  189,  157,    0,    0,    0,    0
    1,    0,  240,    0,    0,  231,    0,  175,    0,    0
    0,    0,    0,    0,  146,  138,  172,    0,    0,    0
    1,    0,  158,    0,    0,  217,    0,    0,  218,    0
    0,    0,    0,    0,    0,  250,  140,  170,    0,    0
    1,    0,    0,  188,    0,  246,    0,    0,  180,    0
    0,    0,    0,    0,  185,  194,    0,    0,    0,  246
    1,    0,  173,    0,    0,  234,    0,    0,    0,  166
    0,    0,    0,    0,  223,    0,    0,    0,  204,  206
    1,    0,  139,    0,    0,    0,  221,    0,    0,  231
    0,    0,    0,    0,    0,    0,  174,  191,  210,    0
    1,    0,    0,  198,    0,    0,  139,    0,  190,    0
    0,    0,    0,    0,    0,    0,    0,  246,  239,  184
    1,    0,    0,  187,    0,    0,  189,    0,    0,  150
    0,  168,  147,  251,    0,    0,    0,    0,    0,    0
    1,  198,    0,    0,  251,    0,    0,  237,    0,    0
    0,    0,  185,  243,  166,    0,    0,    0,    0,    0
    1,    0,  205,    0,  202,    0,    0,  199,    0,    0
    0,  207,  200,    0,    0,    0,  187,    0,    0,    0
    1,  173,    0,    0,  159,    0,    0,    0,  139,    0
    0,  144,    0,    0,    0,  229,  129,    0,    0,    0
    1,  222,    0,    0,    0,  172,    0,    0,  232,    0
    0,    0,    0,  143,  189,  243,    0,    0,    0,    0
    1,    0,  158,    0,    0,  141,    0,  217,    0,    0
    0,    0,    0,    0,  212,  129,  227,    0,    0,    0
    1,    0,  170,    0,    0,  158,    0,    0,  205,    0
    0,    0,    0,    0,    0,  183,  197,  200,    0,    0
    1,    0,    0,  184,    0,  170,    0,    0,  210,    0
    0,    0,    0,    0,  158,  191,    0,    0,    0,  239
    1,    0,  164,    0,    0,  145,    0,    0,    0,  175
    0,    0,    0,    0,  183,    0,    0,    0,  196,  178
    1,    0,  195,    0,    0,    0,  168,    0,    0,  233
    0,    0,    0,    0,    0,    0,  170,  198,  206,    0
    1,    0,    0,  135,    0,    0,  235,    0,  201,    0
    0,    0,    0,    0,    0,    0,    0,  225,  145,  246
    1,    0,    0,  169,    0,    0,  207,    0,    0,  254
    0,  253,  179,  226,    0,    0,    0,    0,    0,    0
    1,  195,    0,    0,  133,    0,    0,  188,    0,    0
    0,    0,  172,  233,  141,    0,    0,    0,    0,    0
    1,    0,  223,    0,  171,    0,    0,  240,    0,    0
    0,  229,  208,    0,    0,    0,  143,    0,    0,    0
    1,  147,    0,    0,  164,    0,    0,    0,  246,    0
    0,  133,    0,    0,    0,  217,  196,    0,    0,    0
    1,  216,    0,    0,    0,  187,    0,    0,  229,    0
    0,    0,    0,  213,  238,  231,    0,    0,    0,    0
    1,    0,  240,    0,    0,  143,    0,  232,    0,    0
    0,    0,    0,    0,  135,  131,  218,    0,    0,    0
    1,    0,  154,    0,    0,  137,    0,    0,  167,    0
    0,    0,    0,    0,    0,  144,  182,  251,    0,    0
    1,    0,    0,  175,    0,  230,    0,    0,  138,    0
    0,    0,    0,    0,  151,  178,    0,    0,    0,  138
    1,    0,  193,    0,    0,  197,    0,    0,    0,  253
    0,    0,    0,    0,  204,    0,    0,    0,  246,  154
    1,    0,  228,    0,    0,    0,  234,    0,    0,  135
    0,    0,    0,    0,    0,    0,  250,  242,  204,    0
    1,    0,    0,  130,    0,    0,  171,    0,  214,    0
    0,    0,    0,    0,    0,    0,    0,  134,  131,  174
    1,    0,    0,  162,    0,    0,  160,    0,    0,  177
    0,  246,  236,  129,    0,    0,    0,    0,    0,    0
    1,  142,    0,    0,  233,    0,    0,  213,    0,    0
    0,    0,  233,  210,  212,    0,    0,    0,    0,    0
    1,    0,  239,    0,  179,    0,    0,  239,    0,    0
    0,  198,  197,    0,    0,    0,  158,    0,    0,    0
    1,  158,    0,    0,  225,    0,    0,    0,  165,    0
    0,  138,    0,    0,    0,  143,  249,    0,    0,    0
    1,  202,    0,    0,    0,  180,    0,    0,  180,    0
    0,    0,    0,  237,  224,  218,    0,    0,    0,    0
    1,    0,  226,    0,    0,  151,    0,  252,    0,    0
    0,    0,    0,    0,  196,  234,  232,    0,    0,    0
    1,    0,  135,    0,    0,  219,    0,    0,  177,    0
    0,    0,    0,    0,    0,  162,  158,  150,    0,    0
    1,    0,    0,  189,    0,  190,    0,    0,  233,    0
    0,    0,    0,    0,  206,  146,    0,    0,    0,  188
    1,    0,  128,    0,    0,  199,    0,    0,    0,  241
    0,    0,    0,    0,  188,    0,    0,    0,  252,  178
    1,    0,  168,    0,    0,    0,  135,    0,    0,  184
    0,    0,    0,    0,    0,    0,  165,  154,  153,    0
    1,    0,    0,  251,    0,    0,  247,    0,  140,    0
    0,    0,    0,    0,    0,    0,    0,  160,  146,  190
    1,    0,    0,  147,    0,    0,  150,    0,    0,  131
    0,  205,  156,  140,    0,    0,    0,    0,    0,    0
    1,  169,    0,    0,  226,    0,    0,  129,    0,    0
    0,    0,  134,  147,  138,    0,    0,    0,    0,    0
    1,    0,  205,    0,  146,    0,    0,  210,    0,    0
    0,  207,  143,    0,    0,    0,  170,    0,    0,    0
    1,  138,    0,    0,  244,    0,    0,    0,  200,    0
    0,  144,    0,    0,    0,  236,  227,    0,    0,    0
    1,  132,    0,    0,    0,  219,    0,    0,  208,    0
    0,    0,    0,  152,  242,  127,    0,    0,    0,    0
    1,    0,  152,    0,    0,  157,    0,  129,    0,    0
    0,    0,    0,    0,  249,  240,  173,    0,    0,    0
    1,    0,  189,    0,    0,  192,    0,    0,  219,    0
    0,    0,    0,    0,    0,  135,  224,  178,    0,    0
    1,    0,    0,  205,    0,  186,    0,    0,  191,    0
    0,    0,    0,    0,  158,  160,    0,    0,    0,  231
    1,    0,  195,    0,    0,  196,    0,    0,    0,  197
    0,    0,    0,    0,  174,    0,    0,    0,  162,  134
    1,    0,  139,    0,    0,    0,  213,    0,    0,  231
    0,    0,    0,    0,    0,    0,  131,  156,  186,    0
    1,    0,    0,  144,    0,    0,  228,    0,  201,    0
    0,    0,    0,    0,    0,    0,    0,  174,  130,  201
    1,    0,    0,  170,    0,    0,  151,    0,    0,  223
    0,  135,  228,  198,    0,    0,    0,    0,    0,    0
    1,  204,    0,    0,  128,    0,    0,  201,    0,    0
    0,    0,  221,  213,  154,    0,    0,    0,    0,    0
    1,    0,  216,    0,  170,    0,    0,  214,    0,    0
    0,  205,  253,    0,    0,    0,  204,    0,    0,    0
    1,  205,    0,    0,  136,    0,    0,    0,  244,    0
    0,  136,    0,    0,    0,  131,  243,    0,    0,    0
    1,  195,    0,    0,    0,  128,    0,    0,  196,    0
    0,    0,    0,  193,  224,  252,    0,    0,    0,    0
    1,    0,  198,    0,    0,  199,    0,  209,    0,    0
    0,    0,    0,    0,  185,  135,  164,    0,    0,    0
    1,    0,  235,    0,    0,  195,    0,    0,  227,    0
    0,    0,    0,    0,    0,  142,  250,  143,    0,    0
    1,    0,    0,  144,    0,  199,    0,    0,  204,    0
    0,    0,    0,    0,  148,  220,    0,    0,    0,  208
    1,    0,  219,    0,    0,  239,    0,    0,    0,  206
    0,    0,    0,    0,  163,    0,    0,    0,  240,  180
    1,    0,  203,    0,    0,    0,  140,    0,    0,  137
    0,    0,    0,    0,    0,    0,  128,  202,  207,    0
    1,    0,    0,  199,    0,    0,  171,    0,  190,    0
    0,    0,    0,    0,    0,    0,    0,  225,  144,  203
    1,    0,    0,  135,    0,    0,  163,    0,    0,  165
    0,  141,  166,  179,    0,    0,    0,    0,    0,    0
    1,  166,    0,    0,  216,    0,    0,  160,    0,    0
    0,    0,  197,  168,  167,    0,    0,    0,    0,    0
    1,    0,  139,    0,  189,    0,    0,  243,    0,    0
    0,  152,  235,    0,    0,    0,  188,    0,    0,    0
    1,  141,    0,    0,  129,    0,    0,    0,  239,    0
    0,  130,    0,    0,    0,  242,  195,    0,    0,    0
    1,  170,    0,    0,    0,  220,    0,    0,  245,    0
    0,    0,    0,  184,  232,  232,    0,    0,    0,    0
    1,    0,  254,    0,    0,  251,    0,  250,    0,    0
    0,    0,    0,    0,  241,  179,  245,    0,    0,    0
    1,    0,  200,    0,    0,  240,    0,    0,  236,    0
    0,    0,    0,    0,    0,  150,  181,  250,    0,    0
    1,    0,    0,  170,    0,  163,    0,    0,  214,    0
    0,    0,    0,    0,  189,  142,    0,    0,    0,  128
    1,    0,  181,    0,    0,  199,    0,    0,    0,  227
    0,    0,    0,    0,  139,    0,    0,    0,  231,  222
    1,    0,  145,    0,    0,    0,  232,    0,    0,  208
    0,    0,    0,    0,    0,    0,  132,  209,  142,    0
    1,    0,    0,  251,    0,    0,  158,    0,  235,    0
    0,    0,    0,    0,    0,    0,    0,  240,  141,  136
    1,    0,    0,  219,    0,    0,  172,    0,    0,  195
    0,  186,  221,  241,    0,    0,    0,    0,    0,    0
    1,  137,    0,    0,  168,    0,    0,  146,    0,    0
    0,    0,  160,  245,  193,    0,    0,    0,    0,    0
    1,    0,  142,    0,  222,    0,    0,  180,    0,    0
    0,  219,  153,    0,    0,    0,  210,    0,    0,    0
    1,  182,    0,    0,  166,    0,    0,    0,  177,    0
    0,  194,    0,    0,    0,  170,  223,    0,    0,    0
    1,  250,    0,    0,    0,  161,    0,    0,  244,    0
    0,    0,    0,  172,  175,  163,    0,    0,    0,    0
    1,    0,  246,    0,    0,  194,    0,  181,    0,    0
    0,    0,    0,    0,  154,  180,  162,    0,    0,    0
    1,    0,  231,    0,    0,  139,    0,    0,  190,    0
    0,    0,    0,    0,    0,  213,  151,  245,    0,    0
    1,    0,    0,  175,    0,  148,    0,    0,  202,    0
    0,    0,    0,    0,  183,  138,    0,    0,    0,  200
    1,    0,  188,    0,    0,  213,    0,    0,    0,  247
    0,    0,    0,    0,  207,    0,    0,    0,  210,  253
    1,    0,  223,    0,    0,    0,  202,    0,    0,  174
    0,    0,    0,    0,    0,    0,  230,  130,  237,    0
    1,    0,    0,  138,    0,    0,  213,    0,  233,    0
    0,    0,    0,    0,    0,    0,    0,  183,  152,  143
    1,    0,    0,  150,    0,    0,  217,    0,    0,  139
    0,  150,  167,  223,    0,    0,    0,    0,    0,    0
    1,  132,    0,    0,  214,    0,    0,  131,    0,    0
    0,    0,  150,  195,  202,    0,    0,    0,    0,    0
    1,    0,  127,    0,  204,    0,    0,  142,    0,    0
    0,  166,  131,    0,    0,    0,  226,    0,    0,    0
    1,  141,    0,    0,  166,    0,    0,    0,  187,    0
    0,  148,    0,    0,    0,  128,  140,    0,    0,    0
    1,  244,    0,    0,    0,  143,    0,    0,  128,    0
    0,    0,    0,  158,  184,  242,    0,    0,    0,    0
    1,    0,  201,    0,    0,  207,    0,  128,    0,    0
    0,    0,    0,    0,  197,  244,  234,    0,    0,    0
    1,    0,  149,    0,    0,  242,    0,    0,  193,    0
    0,    0,    0,    0,    0,  135,  204,  161,    0,    0
    1,    0,    0,  213,    0,  245,    0,    0,  142,    0
    0,    0,    0,    0,  140,  152,    0,    0,    0,  174
    1,    0,  243,    0,    0,  231,    0,    0,    0,  179
    0,    0,    0,    0,  243,    0,    0,    0,  204,  211
    1,    0,  240,    0,    0,    0,  208,    0,    0,  242
    0,    0,    0,    0,    0,    0,  192,  130,  183,    0
    1,    0,    0,  190,    0,    0,  218,    0,  146,    0
    0,    0,    0,    0,    0,    0,    0,  169,  150,  180
    1,    0,    0,  191,    0,    0,  241,    0,    0,  138
    0,  135,  196,  193,    0,    0,    0,    0,    0,    0
    1,  131,    0,    0,  191,    0,    0,  146,    0,    0
    0,    0,  135,  158,  247,    0,    0,    0,    0,    0
    1,    0,  160,    0,  229,    0,    0,  206,    0,    0
    0,  216,  248,    0,    0,    0,  159,    0,    0,    0
    1,  185,    0,    0,  181,    0,    0,    0,  165,    0
    0,  165,    0,    0,    0,  147,  223,    0,    0,    0
    1,  247,    0,    0,    0,  179,    0,    0,  231,    0
    0,    0,    0,  246,  212,  184,    0,    0,    0,    0
    1,    0,  251,    0,    0,  140,    0,  151,    0,    0
    0,    0,    0,    0,  186,  216,  232,    0,    0,    0
    1,    0,  168,    0,    0,  243,    0,    0,  214,    0
    0,    0,    0,    0,    0,  221,  207,  219,    0,    0
    1,    0,    0,  229,    0,  233,    0,    0,  141,    0
    0,    0,    0,    0,  239,  253,    0,    0,    0,  145
    1,    0,  220,    0,    0,  180,    0,    0,    0,  217
    0,    0,    0,    0,  181,    0,    0,    0,  180,  217
    1,    0,  128,    0,    0,    0,  154,    0,    0,  218
    0,    0,    0,    0,    0,    0,  253,  241,  231,    0
    1,    0,    0,  199,    0,    0,  147,    0,  147,    0
    0,    0,    0,    0,    0,    0,    0,  130,  174,  237
    1,    0,    0,  131,    0,    0,  149,    0,    0,  214
    0,  198,  252,  214,    0,    0,    0,    0,    0,    0
    1,  152,    0,    0,  147,    0,    0,  158,    0,    0
    0,    0,  208,  233,  220,    0,    0,    0,    0,    0
    1,    0,  131,    0,  194,    0,    0,  249,    0,    0
    0,  195,  169,    0,    0,    0,  240,    0,    0,    0
    1,  197,    0,    0,  144,    0,    0,    0,  205,    0
    0,  141,    0,    0,    0,  184,  229,    0,    0,    0
    1,  200,    0,    0,    0,  182,    0,    0,  194,    0
    0,    0,    0,  245,  172,  198,    0,    0,    0,    0
    1,    0,  208,    0,    0,  151,    0,  144,    0,    0
    0,    0,    0,    0,  213,  249,  229,    0,    0,    0
    1,    0,  144,    0,    0,  170,    0,    0,  233,    0
    0,    0,    0,    0,    0,  154,  204,  144,    0,    0
    1,    0,    0,  249,    0,  233,    0,    0,  179,    0
    0,    0,    0,    0,  208,  194,    0,    0,    0,  158
    1,    0,  137,    0,    0,  171,    0,    0,    0,  164
    0,    0,    0,    0,  168,    0,    0,    0,  144,  138
    1,    0,  168,    0,    0,    0,  162,    0,    0,  218
    0,    0,    0,    0,    0,    0,  249,  160,  164,    0
    1,    0,    0,  208,    0,    0,  152,    0,  208,    0
    0,    0,    0,    0,    0,    0,    0,  229,  180,  225
    1,    0,    0,  228,    0,    0,  128,    0,    0,  231
    0,  243,  135,  209,    0,    0,    0,    0,    0,    0
    1,  174,    0,    0,  190,    0,    0,  153,    0,    0
    0,    0,  149,  190,  249,    0,    0,    0,    0,    0
    1,    0,  210,    0,  250,    0,    0,  194,    0,    0
    0,  151,  174,    0,    0,    0,  186,    0,    0,    0
    1,  222,    0,    0,  189,    0,    0,    0,  174,    0
    0,  175,    0,    0,    0,  171,  154,    0,    0,    0
    1,  210,    0,    0,    0,  154,    0,    0,  163,    0
    0,    0,    0,  178,  172,  211,    0,    0,    0,    0
    1,    0,  232,    0,    0,  139,    0,  253,    0,    0
    0,    0,    0,    0,  196,  128,  146,    0,    0,    0
    1,    0,  195,    0,    0,  208,    0,    0,  197,    0
    0,    0,    0,    0,    0,  199,  157,  132,    0,    0
    1,    0,    0,  183,    0,  201,    0,    0,  234,    0
    0,    0,    0,    0,  131,  193,    0,    0,    0,  149
    1,    0,  251,    0,    0,  143,    0,    0,    0,  211
    0,    0,    0,    0,  167,    0,    0,    0,  134,  165
    1,    0,  157,    0,    0,    0,  253,    0,    0,  211
    0,    0,    0,    0,    0,    0,  246,  151,  204,    0
    1,    0,    0,  180,    0,    0,  163,    0,  220,    0
    0,    0,    0,    0,    0,    0,    0,  164,  216,  132
    1,    0,    0,  237,    0,    0,  234,    0,    0,  134
    0,  206,  175,  162,    0,    0,    0,    0,    0,    0
    1,  185,    0,    0,  242,    0,    0,  218,    0,    0
    0,    0,  132,  185,  136,    0,    0,    0,    0,    0
    1,    0,  212,    0,  240,    0,    0,  146,    0,    0
    0,  174,  138,    0,    0,    0,  223,    0,    0,    0
    1,  223,    0,    0,  230,    0,    0,    0,  172,    0
    0,  244,    0,    0,    0,  187,  189,    0,    0,    0
    1,  241,    0,    0,    0,  231,    0,    0,  181,    0
    0,    0,    0,  227,  172,  220,    0,    0,    0,    0
    1,    0,  237,    0,    0,  184,    0,  167,    0,    0
    0,    0,    0,    0,  250,  169,  148,    0,    0,    0
    1,    0,  225,    0,    0,  183,    0,    0,  154,    0
    0,    0,    0,    0,    0,  205,  160,  203,    0,    0
    1,    0,    0,  209,    0,  146,    0,    0,  228,    0
    0,    0,    0,    0,  155,  227,    0,    0,    0,  171
    1,    0,  188,    0,    0,  212,    0,    0,    0,  158
    0,    0,    0,    0,  150,    0,    0,    0,  212,  211
    1,    0,  194,    0,    0,    0,  192,    0,    0,  210
    0,    0,    0,    0,    0,    0,  151,  163,  221,    0
    1,    0,    0,  202,    0,    0,  243,    0,  140,    0
    0,    0,    0,    0,    0,    0,    0,  233,  139,  200
    1,    0,    0,  154,    0,    0,  155,    0,    0,  138
    0,  249,  193,  253,    0,    0,    0,    0,    0,    0
    1,  128,    0,    0,  250,    0,    0,  232,    0,    0
    0,    0,  248,  163,  152,    0,    0,    0,    0,    0
    1,    0,  169,    0,  184,    0,    0,  139,    0,    0
    0,  180,  185,    0,    0,    0,  239,    0,    0,    0
    1,  225,    0,    0,  174,    0,    0,    0,  207,    0
    0,  245,    0,    0,    0,  134,  207,    0,    0,    0
    1,  227,    0,    0,    0,  196,    0,    0,  175,    0
    0,    0,    0,  149,  205,  253,    0,    0,    0,    0
    1,    0,  217,    0,    0,  176,    0,  133,    0,    0
    0,    0,    0,    0,  166,  144,  165,    0,    0,    0
    1,    0,  246,    0,    0,  141,    0,    0,  225,    0
    0,    0,    0,    0,    0,  249,  130,  142,    0,    0
    1,    0,    0,  246,    0,  158,    0,    0,  228,    0
    0,    0,    0,    0,  145,  184,    0,    0,    0,  236
    1,    0,  232,    0,    0,  192,    0,    0,    0,  138
    0,    0,    0,    0,  248,    0,    0,    0,  208,  149
    1,    0,  131,    0,    0,    0,  197,    0,    0,  195
    0,    0,    0,    0,    0,    0,  246,  232,  158,    0
    1,    0,    0,  170,    0,    0,  248,    0,  130,    0
    0,    0,    0,    0,    0,    0,    0,  225,  129,  132
    1,    0,    0,  180,    0,    0,  218,    0,    0,  224
    0,  166,  191,  190,    0,    0,    0,    0,    0,    0
    1,  248,    0,    0,  181,    0,    0,  177,    0,    0
    0,    0,  142,  214,  166,    0,    0,    0,    0,    0
    1,    0,  245,    0,  202,    0,    0,  223,    0,    0
    0,  186,  148,    0,    0,    0,  194,    0,    0,    0
    1,  190,    0,    0,  165,    0,    0,    0,  167,    0
    0,  146,    0,    0,    0,  205,  148,    0,    0,    0
    1,  207,    0,    0,    0,  240,    0,    0,  240,    0
    0,    0,    0,  195,  199,  240,    0,    0,    0,    0
    1,    0,  175,    0,    0,  130,    0,  235,    0,    0
    0,    0,    0,    0,  248,  138,  139,    0,    0,    0
    1,    0,  149,    0,    0,  185,    0,    0,  154,    0
    0,    0,    0,    0,    0,  191,  217,  133,    0,    0
    1,    0,    0,  213,    0,  181,    0,    0,  193,    0
    0,    0,    0,    0,  187,  195,    0,    0,    0,  140
    1,    0,  200,    0,    0,  251,    0,    0,    0,  220
    0,    0,    0,    0,  165,    0,    0,    0,  129,  195
    1,    0,  215,    0,    0,    0,  229,    0,    0,  233
    0,    0,    0,    0,    0,    0,  133,  185,  222,    0
    1,    0,    0,  187,    0,    0,  254,    0,  213,    0
    0,    0,    0,    0,    0,    0,    0,  205,  178,  209
    1,    0,    0,  156,    0,    0,  139,    0,    0,  191
    0,  215,  154,  223,    0,    0,    0,    0,    0,    0
    1,  220,    0,    0,  148,    0,    0,  178,    0,    0
    0,    0,  141,  162,  171,    0,    0,    0,    0,    0
    1,    0,  220,    0,  133,    0,    0,  196,    0,    0
    0,  219,  235,    0,    0,    0,  207,    0,    0,    0
    1,  239,    0,    0,  249,    0,    0,    0,  250,    0
    0,  207,    0,    0,    0,  245,  217,    0,    0,    0
    1,  134,    0,    0,    0,  147,    0,    0,  174,    0
    0,    0,    0,  218,  191,  146,    0,    0,    0,    0
    1,    0,  184,    0,    0,  185,    0,  242,    0,    0
    0,    0,    0,    0,  193,  154,  133,    0,    0,    0
    1,    0,  177,    0,    0,  160,    0,    0,  244,    0
    0,    0,    0,    0,    0,  137,  186,  238,    0,    0
    1,    0,    0,  196,    0,  137,    0,    0,  243,    0
    0,    0,    0,    0,  219,  195,    0,    0,    0,  202
    1,    0,  245,    0,    0,  187,    0,    0,    0,  215
    0,    0,    0,    0,  206,    0,    0,    0,  184,  136
    1,    0,  231,    0,    0,    0,  240,    0,    0,  208
    0,    0,    0,    0,    0,    0,  227,  135,  188,    0
    1,    0,    0,  211,    0,    0,  249,    0,  240,    0
    0,    0,    0,    0,    0,    0,    0,  216,  130,  150
    1,    0,    0,  172,    0,    0,  241,    0,    0,  138
    0,  236,  227,  211,    0,    0,    0,    0,    0,    0
    1,  218,    0,    0,  178,    0,    0,  196,    0,    0
    0,    0,  227,  137,  146,    0,    0,    0,    0,    0
    1,    0,  208,    0,  192,    0,    0,  206,    0,    0
    0,  248,  206,    0,    0,    0,  242,    0,    0,    0
    1,  214,    0,    0,  143,    0,    0,    0,  202,    0
    0,  158,    0,    0,    0,  164,  146,    0,    0,    0
    1,  159,    0,    0,    0,  167,    0,    0,  236,    0
    0,    0,    0,  199,  217,  238,    0,    0,    0,    0
    1,    0,  253,    0,    0,  145,    0,  248,    0,    0
    0,    0,    0,    0,  197,  153,  157,    0,    0,    0
    1,    0,  231,    0,    0,  173,    0,    0,  236,    0
    0,    0,    0,    0,    0,  250,  182,  214,    0,    0
    1,    0,    0,  182,    0,  164,    0,    0,  248,    0
    0,    0,    0,    0,  232,  232,    0,    0,    0,  182
    1,    0,  231,    0,    0,  248,    0,    0,    0,  252
    0,    0,    0,    0,  188,    0,    0,    0,  193,  154
    1,    0,  160,    0,    0,    0,  210,    0,    0,  175
    0,    0,    0,    0,    0,    0,  176,  249,  193,    0
    1,    0,    0,  184,    0,    0,  184,    0,  219,    0
    0,    0,    0,    0,    0,    0,    0,  249,  224,  243
    1,    0,    0,  249,    0,    0,  142,    0,    0,  179
    0,  238,  196,  225,    0,    0,    0,    0,    0,    0
    1,  246,    0,    0,  152,    0,    0,  195,    0,    0
    0,    0,  242,  163,  187,    0,    0,    0,    0,    0
    1,    0,  194,    0,  229,    0,    0,  176,    0,    0
    0,  136,  165,    0,    0,    0,  199,    0,    0,    0
    1,  215,    0,    0,  250,    0,    0,    0,  213,    0
    0,  245,    0,    0,    0,  145,  169,    0,    0,    0
    1,  185,    0,    0,    0,  162,    0,    0,  210,    0
    0,    0,    0,  131,  156,  191,    0,    0,    0,    0
    1,    0,  231,    0,    0,  223,    0,  242,    0,    0
    0,    0,    0,    0,  170,  200,  150,    0,    0,    0
    1,    0,  193,    0,    0,  243,    0,    0,  210,    0
    0,    0,    0,    0,    0,  138,  202,  218,    0,    0
    1,    0,    0,  223,    0,  174,    0,    0,  170,    0
    0,    0,    0,    0,  168,  165,    0,    0,    0,  158
    1,    0,  232,    0,    0,  130,    0,    0,    0,  209
    0,    0,    0,    0,  159,    0,    0,    0,  248,  246
    1,    0,  210,    0,    0,    0,  245,    0,    0,  208
    0,    0,    0,    0,    0,    0,  161,  131,  132,    0
    1,    0,    0,  225,    0,    0,  175,    0,  253,    0
    0,    0,    0,    0,    0,    0,    0,  218,  170,  156
    1,    0,    0,  186,    0,    0,  222,    0,    0,  162
    0,  166,  177,  224,    0,    0,    0,    0,    0,    0
    1,  185,    0,    0,  153,    0,    0,  169,    0,    0
    0,    0,  198,  143,  162,    0,    0,    0,    0,    0
    1,    0,  162,    0,  252,    0,    0,  156,    0,    0
    0,  145,  213,    0,    0,    0,  135,    0,    0,    0
    1,  253,    0,    0,  223,    0,    0,    0,  156,    0
    0,  197,    0,    0,    0,  157,  249,    0,    0,    0
    1,  173,    0,    0,    0,  149,    0,    0,  216,    0
    0,    0,    0,  184,  198,  129,    0,    0,    0,    0
    1,    0,  129,    0,    0,  146,    0,  127,    0,    0
    0,    0,    0,    0,  204,  204,  239,    0,    0,    0
    1,    0,  133,    0,    0,  166,    0,    0,  191,    0
    0,    0,    0,    0,    0,  167,  161,  133,    0,    0
    1,    0,    0,  212,    0,  253,    0,    0,  139,    0
    0,    0,    0,    0,  194,  167,    0,    0,    0,  136
    1,    0,  235,    0,    0,  146,    0,    0,    0,  210
    0,    0,    0,    0,  216,    0,    0,    0,  137,  224
    1,    0,  247,    0,    0,    0,  243,    0,    0,  198
    0,    0,    0,    0,    0,    0,  131,  160,  229,    0
    1,    0,    0,  164,    0,    0,  230,    0,  151,    0
    0,    0,    0,    0,    0,    0,    0,  167,  217,  154
    1,    0,    0,  233,    0,    0,  193,    0,    0,  237
    0,  216,  203,  129,    0,    0,    0,    0,    0,    0
    1,  206,    0,    0,  139,    0,    0,  198,    0,    0
    0,    0,  185,  177,  201,    0,    0,    0,    0,    0
    1,    0,  254,    0,  194,    0,    0,  137,    0,    0
    0,  133,  195,    0,    0,    0,  181,    0,    0,    0
    1,  235,    0,    0,  154,    0,    0,    0,  247,    0
    0,  231,    0,    0,    0,  236,  240,    0,    0,    0
    1,  173,    0,    0,    0,  227,    0,    0,  171,    0
    0,    0,    0,  170,  156,  177,    0,    0,    0,    0
    1,    0,  202,    0,    0,  227,    0,  140,    0,    0
    0,    0,    0,    0,  250,  196,  164,    0,    0,    0
    1,    0,  159,    0,    0,  177,    0,    0,  217,    0
    0,    0,    0,    0,    0,  154,  219,  207,    0,    0
    1,    0,    0,  127,    0,  225,    0,    0,  192,    0
    0,    0,    0,    0,  231,  212,    0,    0,    0,  209
    1,    0,  176,    0,    0,  156,    0,    0,    0,  239
    0,    0,    0,    0,  156,    0,    0,    0,  164,  194
    1,    0,  138,    0,    0,    0,  239,    0,    0,  204
    0,    0,    0,    0,    0,    0,  167,  232,  158,    0
    1,    0,    0,  138,    0,    0,  213,    0,  212,    0
    0,    0,    0,    0,    0,    0,    0,  130,  205,  207
    1,    0,    0,  172,    0,    0,  226,    0,    0,  220
    0,  202,  231,  227,    0,    0,    0,    0,    0,    0
    1,  253,    0,    0,  161,    0,    0,  227,    0,    0
    0,    0,  185,  164,  239,    0,    0,    0,    0,    0
    1,    0,  227,    0,  179,    0,    0,  249,    0,    0
    0,  130,  156,    0,    0,    0,  243,    0,    0,    0
    1,  203,    0,    0,  239,    0,    0,    0,  202,    0
    0,  242,    0,    0,    0,  222,  146,    0,    0,    0
    1,  212,    0,    0,    0,  154,    0,    0,  246,    0
    0,    0,    0,  203,  166,  156,    0,    0,    0,    0
    1,    0,  180,    0,    0,  129,    0,  154,    0,    0
    0,    0,    0,    0,  221,  128,  207,    0,    0,    0
    1,    0,  212,    0,    0,  152,    0,    0,  194,    0
    0,    0,    0,    0,    0,  205,  176,  245,    0,    0
    1,    0,    0,  243,    0,  250,    0,    0,  146,    0
    0,    0,    0,    0,  128,  200,    0,    0,    0,  220
    1,    0,  198,    0,    0,  242,    0,    0,    0,  250
    0,    0,    0,    0,  217,    0,    0,    0,  198,  209
    1,    0,  197,    0,    0,    0,  173,    0,    0,  230
    0,    0,    0,    0,    0,    0,  144,  237,  190,    0
    1,    0,    0,  246,    0,    0,  149,    0,  204,    0
    0,    0,    0,    0,    0,    0,    0,  209,  223,  254
    1,    0,    0,  130,    0,    0,  160,    0,    0,  132
    0,  169,  131,  200,    0,    0,    0,    0,    0,    0
    1,  240,    0,    0,  239,    0,    0,  186,    0,    0
    0,    0,  151,  251,  166,    0,    0,    0,    0,    0
    1,    0,  138,    0,  155,    0,    0,  238,    0,    0
    0,  206,  245,    0,    0,    0,  152,    0,    0,    0
    1,  206,    0,    0,  139,    0,    0,    0,  181,    0
    0,  208,    0,    0,    0,  156,  170,    0,    0,    0
    1,  143,    0,    0,    0,  179,    0,    0,  227,    0
    0,    0,    0,  228,  251,  173,    0,    0,    0,    0
    1,    0,  214,    0,    0,  228,    0,  207,    0,    0
